split,filename
train,GM1wc.wav
train,CM1wc.wav
train,7f1wc.wav
train,z41wc.wav
train,hc1wc.wav
train,kf1wc.wav
train,SSswc.wav
train,Dc1wc.wav
train,tw1wc.wav
train,Rpswc.wav
train,qf1wc.wav
train,CV1wc.wav
train,zD1wc.wav
train,6f1wc.wav
train,jf1wc.wav
train,HSswc.wav
train,9y1wc.wav
train,SV1wc.wav
train,xk1wc.wav
train,kk1wc.wav
train,7N1wc.wav
train,LM1wc.wav
train,8f1wc.wav
train,Sk1wc.wav
train,Qf1wc.wav
train,L41wc.wav
train,3M1wc.wav
train,Lw1wc.wav
train,1k1wc.wav
train,Zf1wc.wav
train,2f1wc.wav
train,Pw1wc.wav
train,7c1wc.wav
train,l41wc.wav
train,fw1wc.wav
train,jM1wc.wav
train,Sf1wc.wav
train,341wc.wav
train,pD1wc.wav
train,NM1wc.wav
train,Hy1wc.wav
train,lM1wc.wav
train,h41wc.wav
train,lw1wc.wav
train,Lk1wc.wav
train,vM1wc.wav
train,-Sswc.wav
train,MV1wc.wav
train,XM1wc.wav
train,kM1wc.wav
train,Fy1wc.wav
train,9k1wc.wav
train,HD1wc.wav
train,bk1wc.wav
train,PSswc.wav
train,LN1wc.wav
train,GN1wc.wav
train,bM1wc.wav
train,8Sswc.wav
train,Gw1wc.wav
train,6y1wc.wav
train,7V1wc.wav
train,-D1wc.wav
train,tk1wc.wav
train,My1wc.wav
train,Nf1wc.wav
train,fk1wc.wav
train,kpswc.wav
train,SN1wc.wav
train,Tf1wc.wav
train,MY1wc.wav
train,yw1wc.wav
train,S41wc.wav
train,Bk1wc.wav
train,BD1wc.wav
train,Yf1wc.wav
train,Npswc.wav
train,jk1wc.wav
train,Mpswc.wav
train,9V1wc.wav
train,xc1wc.wav
train,cY1wc.wav
train,Ck1wc.wav
train,nSswc.wav
train,Ff1wc.wav
train,6c1wc.wav
train,Vy1wc.wav
train,xSswc.wav
train,By1wc.wav
train,j41wc.wav
train,6k1wc.wav
train,vSswc.wav
train,NY1wc.wav
train,LD1wc.wav
train,Wk1wc.wav
train,Cc1wc.wav
train,YN1wc.wav
train,Jf1wc.wav
train,7Sswc.wav
train,HM1wc.wav
train,3pswc.wav
train,5M1wc.wav
train,Zw1wc.wav
train,6V1wc.wav
train,wy1wc.wav
train,ck1wc.wav
train,ry1wc.wav
train,QM1wc.wav
train,mM1wc.wav
train,Pc1wc.wav
train,mw1wc.wav
train,Rc1wc.wav
train,DV1wc.wav
train,9D1wc.wav
train,hM1wc.wav
train,3w1wc.wav
train,cV1wc.wav
train,741wc.wav
train,qc1wc.wav
train,Ypswc.wav
train,1y1wc.wav
train,qk1wc.wav
train,Fpswc.wav
train,Hk1wc.wav
train,by1wc.wav
train,F41wc.wav
train,rD1wc.wav
train,Zc1wc.wav
train,Mk1wc.wav
train,nk1wc.wav
train,Zk1wc.wav
train,D41wc.wav
train,2k1wc.wav
train,Rk1wc.wav
train,hy1wc.wav
train,Mc1wc.wav
train,rf1wc.wav
train,9M1wc.wav
train,mD1wc.wav
train,Mf1wc.wav
train,3D1wc.wav
train,MM1wc.wav
train,Qc1wc.wav
train,vV1wc.wav
train,Sc1wc.wav
train,5c1wc.wav
train,nw1wc.wav
train,SD1wc.wav
train,yf1wc.wav
train,r41wc.wav
train,sV1wc.wav
train,QD1wc.wav
train,RD1wc.wav
train,jw1wc.wav
train,fV1wc.wav
train,n41wc.wav
train,XV1wc.wav
train,lk1wc.wav
train,zk1wc.wav
train,QV1wc.wav
train,8w1wc.wav
train,pw1wc.wav
train,WM1wc.wav
train,pN1wc.wav
train,Vc1wc.wav
train,w41wc.wav
train,DD1wc.wav
train,x41wc.wav
train,P41wc.wav
train,dw1wc.wav
train,Nk1wc.wav
train,ly1wc.wav
train,Kk1wc.wav
train,Cpswc.wav
train,m41wc.wav
train,VM1wc.wav
train,YD1wc.wav
train,3y1wc.wav
train,jD1wc.wav
train,sM1wc.wav
train,1V1wc.wav
train,ZD1wc.wav
train,q41wc.wav
train,4M1wc.wav
train,bw1wc.wav
train,fM1wc.wav
train,3k1wc.wav
train,lV1wc.wav
train,Fc1wc.wav
train,pSswc.wav
train,rpswc.wav
train,3N1wc.wav
train,Dk1wc.wav
train,qy1wc.wav
train,LSswc.wav
train,fY1wc.wav
train,f41wc.wav
train,cD1wc.wav
train,7w1wc.wav
train,s41wc.wav
train,rV1wc.wav
train,Vf1wc.wav
train,JSswc.wav
train,TM1wc.wav
train,zV1wc.wav
train,QN1wc.wav
train,Ww1wc.wav
train,T41wc.wav
train,J41wc.wav
train,4y1wc.wav
train,dk1wc.wav
train,fy1wc.wav
train,tSswc.wav
train,Wy1wc.wav
train,Nw1wc.wav
train,Kf1wc.wav
train,6Sswc.wav
train,mk1wc.wav
train,gc1wc.wav
train,jc1wc.wav
train,141wc.wav
train,2y1wc.wav
train,2pswc.wav
train,4k1wc.wav
train,tM1wc.wav
train,Z41wc.wav
train,8M1wc.wav
train,Wf1wc.wav
train,mvswc.wav
train,qw1wc.wav
train,Xy1wc.wav
train,Pf1wc.wav
train,4f1wc.wav
train,5k1wc.wav
train,SM1wc.wav
train,Ky1wc.wav
train,RM1wc.wav
train,dSswc.wav
train,qV1wc.wav
train,hV1wc.wav
train,bD1wc.wav
train,lpswc.wav
train,9f1wc.wav
train,QSswc.wav
train,LV1wc.wav
train,ZM1wc.wav
train,Q41wc.wav
train,nM1wc.wav
train,hk1wc.wav
train,v41wc.wav
train,X41wc.wav
train,qD1wc.wav
train,wpswc.wav
train,Yy1wc.wav
train,gSswc.wav
train,Xf1wc.wav
train,jV1wc.wav
train,Hw1wc.wav
train,gf1wc.wav
train,pk1wc.wav
train,tD1wc.wav
train,wf1wc.wav
train,WV1wc.wav
train,JD1wc.wav
train,Dw1wc.wav
train,vk1wc.wav
train,MD1wc.wav
train,-M1wc.wav
train,Pk1wc.wav
train,ff1wc.wav
test,Zpswc.wav
test,rc1wc.wav
test,bV1wc.wav
test,XD1wc.wav
test,1M1wc.wav
test,pM1wc.wav
test,5N1wc.wav
test,bc1wc.wav
test,Vpswc.wav
test,hf1wc.wav
test,vpswc.wav
test,mf1wc.wav
test,BSswc.wav
test,y41wc.wav
test,VD1wc.wav
test,Jw1wc.wav
test,Lf1wc.wav
test,GD1wc.wav
test,c41wc.wav
test,gk1wc.wav
test,Bc1wc.wav
test,-k1wc.wav
test,sy1wc.wav
test,441wc.wav
test,W41wc.wav
test,xf1wc.wav
test,Ny1wc.wav
test,3Sswc.wav
test,4w1wc.wav
test,1w1wc.wav
test,cw1wc.wav
train_annotation,GM1wc-fine-aligned.mid
train_annotation,CM1wc-fine-aligned.mid
train_annotation,7f1wc-fine-aligned.mid
train_annotation,z41wc-fine-aligned.mid
train_annotation,hc1wc-fine-aligned.mid
train_annotation,kf1wc-fine-aligned.mid
train_annotation,SSswc-fine-aligned.mid
train_annotation,Dc1wc-fine-aligned.mid
train_annotation,tw1wc-fine-aligned.mid
train_annotation,Rpswc-fine-aligned.mid
train_annotation,qf1wc-fine-aligned.mid
train_annotation,CV1wc-fine-aligned.mid
train_annotation,zD1wc-fine-aligned.mid
train_annotation,6f1wc-fine-aligned.mid
train_annotation,jf1wc-fine-aligned.mid
train_annotation,HSswc-fine-aligned.mid
train_annotation,9y1wc-fine-aligned.mid
train_annotation,SV1wc-fine-aligned.mid
train_annotation,xk1wc-fine-aligned.mid
train_annotation,kk1wc-fine-aligned.mid
train_annotation,7N1wc-fine-aligned.mid
train_annotation,LM1wc-fine-aligned.mid
train_annotation,8f1wc-fine-aligned.mid
train_annotation,Sk1wc-fine-aligned.mid
train_annotation,Qf1wc-fine-aligned.mid
train_annotation,L41wc-fine-aligned.mid
train_annotation,3M1wc-fine-aligned.mid
train_annotation,Lw1wc-fine-aligned.mid
train_annotation,1k1wc-fine-aligned.mid
train_annotation,Zf1wc-fine-aligned.mid
train_annotation,2f1wc-fine-aligned.mid
train_annotation,Pw1wc-fine-aligned.mid
train_annotation,7c1wc-fine-aligned.mid
train_annotation,l41wc-fine-aligned.mid
train_annotation,fw1wc-fine-aligned.mid
train_annotation,jM1wc-fine-aligned.mid
train_annotation,Sf1wc-fine-aligned.mid
train_annotation,341wc-fine-aligned.mid
train_annotation,pD1wc-fine-aligned.mid
train_annotation,NM1wc-fine-aligned.mid
train_annotation,Hy1wc-fine-aligned.mid
train_annotation,lM1wc-fine-aligned.mid
train_annotation,h41wc-fine-aligned.mid
train_annotation,lw1wc-fine-aligned.mid
train_annotation,Lk1wc-fine-aligned.mid
train_annotation,vM1wc-fine-aligned.mid
train_annotation,-Sswc-fine-aligned.mid
train_annotation,MV1wc-fine-aligned.mid
train_annotation,XM1wc-fine-aligned.mid
train_annotation,kM1wc-fine-aligned.mid
train_annotation,Fy1wc-fine-aligned.mid
train_annotation,9k1wc-fine-aligned.mid
train_annotation,HD1wc-fine-aligned.mid
train_annotation,bk1wc-fine-aligned.mid
train_annotation,PSswc-fine-aligned.mid
train_annotation,LN1wc-fine-aligned.mid
train_annotation,GN1wc-fine-aligned.mid
train_annotation,bM1wc-fine-aligned.mid
train_annotation,8Sswc-fine-aligned.mid
train_annotation,Gw1wc-fine-aligned.mid
train_annotation,6y1wc-fine-aligned.mid
train_annotation,7V1wc-fine-aligned.mid
train_annotation,-D1wc-fine-aligned.mid
train_annotation,tk1wc-fine-aligned.mid
train_annotation,My1wc-fine-aligned.mid
train_annotation,Nf1wc-fine-aligned.mid
train_annotation,fk1wc-fine-aligned.mid
train_annotation,kpswc-fine-aligned.mid
train_annotation,SN1wc-fine-aligned.mid
train_annotation,Tf1wc-fine-aligned.mid
train_annotation,MY1wc-fine-aligned.mid
train_annotation,yw1wc-fine-aligned.mid
train_annotation,S41wc-fine-aligned.mid
train_annotation,Bk1wc-fine-aligned.mid
train_annotation,BD1wc-fine-aligned.mid
train_annotation,Yf1wc-fine-aligned.mid
train_annotation,Npswc-fine-aligned.mid
train_annotation,jk1wc-fine-aligned.mid
train_annotation,Mpswc-fine-aligned.mid
train_annotation,9V1wc-fine-aligned.mid
train_annotation,xc1wc-fine-aligned.mid
train_annotation,cY1wc-fine-aligned.mid
train_annotation,Ck1wc-fine-aligned.mid
train_annotation,nSswc-fine-aligned.mid
train_annotation,Ff1wc-fine-aligned.mid
train_annotation,6c1wc-fine-aligned.mid
train_annotation,Vy1wc-fine-aligned.mid
train_annotation,xSswc-fine-aligned.mid
train_annotation,By1wc-fine-aligned.mid
train_annotation,j41wc-fine-aligned.mid
train_annotation,6k1wc-fine-aligned.mid
train_annotation,vSswc-fine-aligned.mid
train_annotation,NY1wc-fine-aligned.mid
train_annotation,LD1wc-fine-aligned.mid
train_annotation,Wk1wc-fine-aligned.mid
train_annotation,Cc1wc-fine-aligned.mid
train_annotation,YN1wc-fine-aligned.mid
train_annotation,Jf1wc-fine-aligned.mid
train_annotation,7Sswc-fine-aligned.mid
train_annotation,HM1wc-fine-aligned.mid
train_annotation,3pswc-fine-aligned.mid
train_annotation,5M1wc-fine-aligned.mid
train_annotation,Zw1wc-fine-aligned.mid
train_annotation,6V1wc-fine-aligned.mid
train_annotation,wy1wc-fine-aligned.mid
train_annotation,ck1wc-fine-aligned.mid
train_annotation,ry1wc-fine-aligned.mid
train_annotation,QM1wc-fine-aligned.mid
train_annotation,mM1wc-fine-aligned.mid
train_annotation,Pc1wc-fine-aligned.mid
train_annotation,mw1wc-fine-aligned.mid
train_annotation,Rc1wc-fine-aligned.mid
train_annotation,DV1wc-fine-aligned.mid
train_annotation,9D1wc-fine-aligned.mid
train_annotation,hM1wc-fine-aligned.mid
train_annotation,3w1wc-fine-aligned.mid
train_annotation,cV1wc-fine-aligned.mid
train_annotation,741wc-fine-aligned.mid
train_annotation,qc1wc-fine-aligned.mid
train_annotation,Ypswc-fine-aligned.mid
train_annotation,1y1wc-fine-aligned.mid
train_annotation,qk1wc-fine-aligned.mid
train_annotation,Fpswc-fine-aligned.mid
train_annotation,Hk1wc-fine-aligned.mid
train_annotation,by1wc-fine-aligned.mid
train_annotation,F41wc-fine-aligned.mid
train_annotation,rD1wc-fine-aligned.mid
train_annotation,Zc1wc-fine-aligned.mid
train_annotation,Mk1wc-fine-aligned.mid
train_annotation,nk1wc-fine-aligned.mid
train_annotation,Zk1wc-fine-aligned.mid
train_annotation,D41wc-fine-aligned.mid
train_annotation,2k1wc-fine-aligned.mid
train_annotation,Rk1wc-fine-aligned.mid
train_annotation,hy1wc-fine-aligned.mid
train_annotation,Mc1wc-fine-aligned.mid
train_annotation,rf1wc-fine-aligned.mid
train_annotation,9M1wc-fine-aligned.mid
train_annotation,mD1wc-fine-aligned.mid
train_annotation,Mf1wc-fine-aligned.mid
train_annotation,3D1wc-fine-aligned.mid
train_annotation,MM1wc-fine-aligned.mid
train_annotation,Qc1wc-fine-aligned.mid
train_annotation,vV1wc-fine-aligned.mid
train_annotation,Sc1wc-fine-aligned.mid
train_annotation,5c1wc-fine-aligned.mid
train_annotation,nw1wc-fine-aligned.mid
train_annotation,SD1wc-fine-aligned.mid
train_annotation,yf1wc-fine-aligned.mid
train_annotation,r41wc-fine-aligned.mid
train_annotation,sV1wc-fine-aligned.mid
train_annotation,QD1wc-fine-aligned.mid
train_annotation,RD1wc-fine-aligned.mid
train_annotation,jw1wc-fine-aligned.mid
train_annotation,fV1wc-fine-aligned.mid
train_annotation,n41wc-fine-aligned.mid
train_annotation,XV1wc-fine-aligned.mid
train_annotation,lk1wc-fine-aligned.mid
train_annotation,zk1wc-fine-aligned.mid
train_annotation,QV1wc-fine-aligned.mid
train_annotation,8w1wc-fine-aligned.mid
train_annotation,pw1wc-fine-aligned.mid
train_annotation,WM1wc-fine-aligned.mid
train_annotation,pN1wc-fine-aligned.mid
train_annotation,Vc1wc-fine-aligned.mid
train_annotation,w41wc-fine-aligned.mid
train_annotation,DD1wc-fine-aligned.mid
train_annotation,x41wc-fine-aligned.mid
train_annotation,P41wc-fine-aligned.mid
train_annotation,dw1wc-fine-aligned.mid
train_annotation,Nk1wc-fine-aligned.mid
train_annotation,ly1wc-fine-aligned.mid
train_annotation,Kk1wc-fine-aligned.mid
train_annotation,Cpswc-fine-aligned.mid
train_annotation,m41wc-fine-aligned.mid
train_annotation,VM1wc-fine-aligned.mid
train_annotation,YD1wc-fine-aligned.mid
train_annotation,3y1wc-fine-aligned.mid
train_annotation,jD1wc-fine-aligned.mid
train_annotation,sM1wc-fine-aligned.mid
train_annotation,1V1wc-fine-aligned.mid
train_annotation,ZD1wc-fine-aligned.mid
train_annotation,q41wc-fine-aligned.mid
train_annotation,4M1wc-fine-aligned.mid
train_annotation,bw1wc-fine-aligned.mid
train_annotation,fM1wc-fine-aligned.mid
train_annotation,3k1wc-fine-aligned.mid
train_annotation,lV1wc-fine-aligned.mid
train_annotation,Fc1wc-fine-aligned.mid
train_annotation,pSswc-fine-aligned.mid
train_annotation,rpswc-fine-aligned.mid
train_annotation,3N1wc-fine-aligned.mid
train_annotation,Dk1wc-fine-aligned.mid
train_annotation,qy1wc-fine-aligned.mid
train_annotation,LSswc-fine-aligned.mid
train_annotation,fY1wc-fine-aligned.mid
train_annotation,f41wc-fine-aligned.mid
train_annotation,cD1wc-fine-aligned.mid
train_annotation,7w1wc-fine-aligned.mid
train_annotation,s41wc-fine-aligned.mid
train_annotation,rV1wc-fine-aligned.mid
train_annotation,Vf1wc-fine-aligned.mid
train_annotation,JSswc-fine-aligned.mid
train_annotation,TM1wc-fine-aligned.mid
train_annotation,zV1wc-fine-aligned.mid
train_annotation,QN1wc-fine-aligned.mid
train_annotation,Ww1wc-fine-aligned.mid
train_annotation,T41wc-fine-aligned.mid
train_annotation,J41wc-fine-aligned.mid
train_annotation,4y1wc-fine-aligned.mid
train_annotation,dk1wc-fine-aligned.mid
train_annotation,fy1wc-fine-aligned.mid
train_annotation,tSswc-fine-aligned.mid
train_annotation,Wy1wc-fine-aligned.mid
train_annotation,Nw1wc-fine-aligned.mid
train_annotation,Kf1wc-fine-aligned.mid
train_annotation,6Sswc-fine-aligned.mid
train_annotation,mk1wc-fine-aligned.mid
train_annotation,gc1wc-fine-aligned.mid
train_annotation,jc1wc-fine-aligned.mid
train_annotation,141wc-fine-aligned.mid
train_annotation,2y1wc-fine-aligned.mid
train_annotation,2pswc-fine-aligned.mid
train_annotation,4k1wc-fine-aligned.mid
train_annotation,tM1wc-fine-aligned.mid
train_annotation,Z41wc-fine-aligned.mid
train_annotation,8M1wc-fine-aligned.mid
train_annotation,Wf1wc-fine-aligned.mid
train_annotation,mvswc-fine-aligned.mid
train_annotation,qw1wc-fine-aligned.mid
train_annotation,Xy1wc-fine-aligned.mid
train_annotation,Pf1wc-fine-aligned.mid
train_annotation,4f1wc-fine-aligned.mid
train_annotation,5k1wc-fine-aligned.mid
train_annotation,SM1wc-fine-aligned.mid
train_annotation,Ky1wc-fine-aligned.mid
train_annotation,RM1wc-fine-aligned.mid
train_annotation,dSswc-fine-aligned.mid
train_annotation,qV1wc-fine-aligned.mid
train_annotation,hV1wc-fine-aligned.mid
train_annotation,bD1wc-fine-aligned.mid
train_annotation,lpswc-fine-aligned.mid
train_annotation,9f1wc-fine-aligned.mid
train_annotation,QSswc-fine-aligned.mid
train_annotation,LV1wc-fine-aligned.mid
train_annotation,ZM1wc-fine-aligned.mid
train_annotation,Q41wc-fine-aligned.mid
train_annotation,nM1wc-fine-aligned.mid
train_annotation,hk1wc-fine-aligned.mid
train_annotation,v41wc-fine-aligned.mid
train_annotation,X41wc-fine-aligned.mid
train_annotation,qD1wc-fine-aligned.mid
train_annotation,wpswc-fine-aligned.mid
train_annotation,Yy1wc-fine-aligned.mid
train_annotation,gSswc-fine-aligned.mid
train_annotation,Xf1wc-fine-aligned.mid
train_annotation,jV1wc-fine-aligned.mid
train_annotation,Hw1wc-fine-aligned.mid
train_annotation,gf1wc-fine-aligned.mid
train_annotation,pk1wc-fine-aligned.mid
train_annotation,tD1wc-fine-aligned.mid
train_annotation,wf1wc-fine-aligned.mid
train_annotation,WV1wc-fine-aligned.mid
train_annotation,JD1wc-fine-aligned.mid
train_annotation,Dw1wc-fine-aligned.mid
train_annotation,vk1wc-fine-aligned.mid
train_annotation,MD1wc-fine-aligned.mid
train_annotation,-M1wc-fine-aligned.mid
train_annotation,Pk1wc-fine-aligned.mid
train_annotation,ff1wc-fine-aligned.mid
test_annotation,Zpswc-fine-aligned.mid
test_annotation,rc1wc-fine-aligned.mid
test_annotation,bV1wc-fine-aligned.mid
test_annotation,XD1wc-fine-aligned.mid
test_annotation,1M1wc-fine-aligned.mid
test_annotation,pM1wc-fine-aligned.mid
test_annotation,5N1wc-fine-aligned.mid
test_annotation,bc1wc-fine-aligned.mid
test_annotation,Vpswc-fine-aligned.mid
test_annotation,hf1wc-fine-aligned.mid
test_annotation,vpswc-fine-aligned.mid
test_annotation,mf1wc-fine-aligned.mid
test_annotation,BSswc-fine-aligned.mid
test_annotation,y41wc-fine-aligned.mid
test_annotation,VD1wc-fine-aligned.mid
test_annotation,Jw1wc-fine-aligned.mid
test_annotation,Lf1wc-fine-aligned.mid
test_annotation,GD1wc-fine-aligned.mid
test_annotation,c41wc-fine-aligned.mid
test_annotation,gk1wc-fine-aligned.mid
test_annotation,Bc1wc-fine-aligned.mid
test_annotation,-k1wc-fine-aligned.mid
test_annotation,sy1wc-fine-aligned.mid
test_annotation,441wc-fine-aligned.mid
test_annotation,W41wc-fine-aligned.mid
test_annotation,xf1wc-fine-aligned.mid
test_annotation,Ny1wc-fine-aligned.mid
test_annotation,3Sswc-fine-aligned.mid
test_annotation,4w1wc-fine-aligned.mid
test_annotation,1w1wc-fine-aligned.mid
test_annotation,cw1wc-fine-aligned.mid
